﻿NAME,TEAM,SALARY,ENDORSEMENT
LeBron James,Cleveland Cavaliers,30963450,55000000
Kevin Durant,Golden State Warriors,26500000,36000000
Stephen Curry,Golden State Warriors,12112359,35000000
James Harden,Houston Rockets,26500000,20000000
Russell Westbrook,Oklahoma City Thunder,26500000,15000000
Dwyane Wade,Chicago Bulls,23200000,13000000
Derrick Rose,New York Knicks,21323252,14000000
Carmelo Anthony,New York Knicks,24559380,8000000
Chris Paul,Los Angeles Clippers,22868827,8000000
Kyrie Irving,Cleveland Cavaliers,17638063,13000000
