,stat_5_id,player_id,name,salary
0,0,2544,LeBron James,30963450.0
1,1,201144,Mike Conley,26540100.0
2,2,201143,Al Horford,26540100.0
3,3,1717,Dirk Nowitzki,25000000.0
4,4,2546,Carmelo Anthony,24559380.0
5,5,203081,Damian Lillard,24328425.0
6,6,2548,Dwyane Wade,23200000.0
7,7,2730,Dwight Howard,23180275.0
8,8,101108,Chris Paul,22868827.0
9,9,203078,Bradley Beal,22116750.0
10,10,203076,Anthony Davis,22116750.0
11,11,201188,Marc Gasol,21165675.0
12,12,201572,Brook Lopez,21165675.0
13,13,201567,Kevin Love,21165675.0
14,14,201587,Nicolas Batum,20869566.0
15,15,200746,LaMarcus Aldridge,20575005.0
16,16,201933,Blake Griffin,20140839.0
17,17,200794,Paul Millsap,20072033.0
18,18,202331,Paul George,18314532.0
19,19,202695,Kawhi Leonard,17638063.0
20,20,202681,Kyrie Irving,17638063.0
21,21,202710,Jimmy Butler,17552209.0
22,22,202699,Tobias Harris,17200000.0
23,23,202683,Enes Kanter,17145838.0
24,24,202328,Greg Monroe,17145838.0
25,25,202322,John Wall,16957900.0
26,26,202326,DeMarcus Cousins,16957900.0
27,27,202330,Gordon Hayward,16073140.0
28,28,201609,Goran Dragic,15891725.0
29,29,2200,Pau Gasol,15500000.0
30,30,203110,Draymond Green,15330435.0
31,31,201568,Danilo Gallinari,15050000.0
32,32,202685,Jonas Valanciunas,14382023.0
33,33,202339,Eric Bledsoe,14000000.0
34,34,201937,Ricky Rubio,13550000.0
35,35,200752,Rudy Gay,13333333.0
36,36,2199,Tyson Chandler,12415000.0
37,37,201939,Stephen Curry,12112359.0
38,38,202702,Kenneth Faried,12078652.0
39,39,202689,Kemba Walker,12000000.0
40,40,202696,Nikola Vucevic,11750000.0
41,41,202391,Jeremy Lin,11483254.0
42,42,201950,Jrue Holiday,11286518.0
43,43,2216,Zach Randolph,10361445.0
44,44,2744,Al Jefferson,10314532.0
45,45,201936,Tyreke Evans,10203755.0
46,46,202344,Trevor Booker,9250000.0
47,47,201952,Jeff Teague,8800000.0
48,48,201588,George Hill,8000000.0
49,49,1626246,Boban Marjanovic,7000000.0
50,50,202738,Isaiah Thomas,6587132.0
51,51,203087,Jeremy Lamb,6511628.0
52,52,1626157,Karl-Anthony Towns,5960160.0
53,53,201148,Brandan Wright,5709880.0
54,54,203953,Jabari Parker,5374320.0
55,55,203954,Joel Embiid,4826160.0
56,56,203457,Nerlens Noel,4384490.0
57,57,200826,J.J. Barea,4096950.0
58,58,201949,James Johnson,4000000.0
59,59,203124,Kyle O'Quinn,3918750.0
60,60,2555,Nick Collison,3750000.0
61,61,203944,Julius Randle,3267120.0
62,63,203507,Giannis Antetokounmpo,2995421.0
63,64,203473,Dewayne Dedmon,2898000.0
64,65,203471,Dennis Schroder,2708582.0
65,66,203901,Elfrid Payton,2613600.0
66,67,203497,Rudy Gobert,2121288.0
67,68,203994,Jusuf Nurkic,1921320.0
68,69,101135,David Lee,1551659.0
69,70,1627743,Demetrius Jackson,1450000.0
70,71,1627743,Demetrius Jackson,1384750.0
71,72,201578,Marreese Speights,1403611.0
72,73,201563,Michael Beasley,1403611.0
73,74,201580,JaVale McGee,1403611.0
74,75,203999,Nikola Jokic,1358500.0
75,76,203462,Archie Goodwin,1577230.0
76,77,1626195,Willy Hernangomez,1435750.0
77,78,201142,Kevin Durant,26500000.0
78,79,201935,James Harden,26500000.0
79,80,201566,Russell Westbrook,26500000.0
