,team_id,team_name,team_abbreviation,gms,total,avg,pct,value_millions
0,1610612741,Chicago Bulls,CHI,41,888882,21680,103.6,2500
1,1610612742,Dallas Mavericks,DAL,41,811366,19789,103.1,1450
2,1610612758,Sacramento Kings,SAC,41,721928,17608,100.6,1075
3,1610612748,Miami Heat,MIA,41,805400,19643,100.2,1350
4,1610612761,Toronto Raptors,TOR,41,813050,19830,100.2,1125
5,1610612746,Los Angeles Clippers,LAC,41,782609,19088,100.1,2000
6,1610612739,Cleveland Cavaliers,CLE,41,843042,20562,100.0,1200
7,1610612744,Golden State Warriors,GSW,41,803436,19596,100.0,2600
8,1610612760,Oklahoma City Thunder,OKC,41,746323,18203,100.0,1025
9,1610612752,New York Knicks,NYK,41,810741,19774,99.8,3300
10,1610612738,Boston Celtics,BOS,41,760690,18553,99.6,2200
11,1610612747,Los Angeles Lakers,LAL,41,776917,18949,99.4,3000
12,1610612757,Portland Trail Blazers,POR,41,792029,19317,99.4,1050
13,1610612759,San Antonio Spurs,SAS,41,755347,18423,99.2,1175
14,1610612762,Utah Jazz,UTA,41,806605,19673,98.8,910
15,1610612753,Orlando Magic,ORL,41,727875,17753,94.2,920
16,1610612740,New Orleans Pelicans,NOP,41,663099,16173,94.1,750
17,1610612745,Houston Rockets,HOU,41,695903,16973,94.1,1650
18,1610612756,Phoenix Suns,PHX,41,708639,17283,93.8,1100
19,1610612754,Indiana Pacers,IND,41,684578,16697,91.9,880
20,1610612763,Memphis Grizzlies,MEM,41,677314,16519,91.2,790
21,1610612766,Charlotte Hornets,CHA,41,710643,17332,90.9,780
22,1610612755,Philadelphia 76ers,PHI,41,710557,17330,85.3,800
23,1610612737,Atlanta Hawks,ATL,41,654306,15958,85.2,885
24,1610612751,Brooklyn Nets,BKN,41,632608,15429,85.2,1800
25,1610612749,Milwaukee Bucks,MIL,41,648952,15828,84.6,785
26,1610612764,Washington Wizards,WAS,41,697107,17002,83.8,1000
27,1610612743,Denver Nuggets,DEN,41,605585,14770,77.1,890
28,1610612750,Minnesota Timberwolves,MIN,41,607203,14809,76.5,770
29,1610612765,Detroit Pistons,DET,41,655141,15979,72.4,900
